{
  "features": [
    "Glucose_mg_dL",
    "HbA1c",
    "Age",
    "BMI",
    "HOMA_IR",
    "Waist_Circumference",
    "BP_Systolic",
    "Insulin_ml",
    "Age_First_Period",
    "Gender",
    "Diabetes_SelfReport",
    "Regular_Periods"
  ],
  "X_train_sample": [
    [
      0.0,
      -0.021379677015352812,
      1.948051665588134,
      0.43906088918899094,
      -8.881784197001252e-16,
      0.6133828271154109,
      0.6400108328602961,
      1.7763568394002505e-15,
      -0.040850726156290124,
      1.0142425943993785,
      -0.2993876558045854,
      2.5440290555862872
    ],
    [
      0.0,
      0.4088174773545285,
      1.4075289622417557,
      0.13410589028927308,
      -8.881784197001252e-16,
      0.8544380890627512,
      -0.26180220668577747,
      1.7763568394002505e-15,
      -0.040850726156290124,
      -1.0617192126472914,
      -0.2993876558045854,
      -0.3813319783534048
    ],
    [
      0.0,
      -1.742168294494878,
      1.5738436401944875,
      -0.018371609160586062,
      -8.881784197001252e-16,
      0.28000852867759907,
      2.05714560928984,
      1.7763568394002505e-15,
      -0.013732636135827722,
      1.0142425943993785,
      -0.2993876558045854,
      2.5440290555862872
    ],
    [
      0.0,
      1.2692117860942949,
      1.6154223096826705,
      -0.6144200161009439,
      -8.881784197001252e-16,
      -0.08926761728428499,
      2.05714560928984,
      1.7763568394002505e-15,
      -0.040850726156290124,
      -1.0617192126472914,
      -0.2993876558045854,
      -0.3813319783534048
    ],
    [
      0.0,
      0.4088174773545285,
      -0.7129831816555746,
      -1.099575696168677,
      -8.881784197001252e-16,
      -0.9406542871408511,
      -1.0347848120109835,
      1.7763568394002505e-15,
      -0.040850726156290124,
      -1.0617192126472914,
      -0.2993876558045854,
      -0.3813319783534048
    ]
  ],
  "X_test_sample": [
    [
      0.0,
      -0.8817739857551192,
      0.9085849283835603,
      -0.184710699469523,
      -8.881784197001252e-16,
      -0.01746392223614134,
      0.7688412670811637,
      1.7763568394002505e-15,
      -0.013732636135827722,
      1.0142425943993785,
      -0.2993876558045854,
      2.5440290555862872
    ],
    [
      0.0,
      -1.742168294494878,
      -0.006145800356464473,
      -0.3371881989193822,
      -8.881784197001252e-16,
      -0.3918689035586068,
      -0.3906326409066451,
      1.7763568394002505e-15,
      -0.013732636135827722,
      1.0142425943993785,
      -0.2993876558045854,
      -0.3813319783534048
    ],
    [
      0.0,
      -1.742168294494878,
      0.5759555724780968,
      0.42519929832991266,
      -8.881784197001252e-16,
      1.013431985240785,
      0.3823499644185608,
      1.7763568394002505e-15,
      -0.040850726156290124,
      1.0142425943993785,
      -0.2993876558045854,
      -0.3813319783534048
    ],
    [
      0.0,
      -0.021379677015352812,
      -1.21192721551377,
      -0.5589736526646313,
      -8.881784197001252e-16,
      0.0038892585445311893,
      -0.03329221559428435,
      1.7763568394002505e-15,
      -0.040850726156290124,
      -1.0617192126472914,
      -0.2993876558045854,
      -0.3813319783534048
    ],
    [
      0.0,
      0.8390146317244136,
      0.6591129114544627,
      -0.14312592689228865,
      -8.881784197001252e-16,
      0.674928851442391,
      0.1246890959768255,
      1.7763568394002505e-15,
      -0.040850726156290124,
      1.0142425943993785,
      -0.2993876558045854,
      2.5440290555862872
    ]
  ],
  "feature_means": {
    "Glucose_mg_dL": 102.0,
    "HbA1c": 5.504969739292364,
    "Age": 32.14781137617237,
    "BMI": 26.33253608007449,
    "HOMA_IR": 2.468148148148149,
    "Waist_Circumference": 87.94050463718064,
    "BP_Systolic": 116.06429130304633,
    "Insulin_ml": 9.799999999999999,
    "Age_First_Period": 13.506401303538174,
    "Gender": 1.5114348486775522,
    "Diabetes_SelfReport": 0.08225978016782887,
    "Regular_Periods": 1.1303538175046555
  },
  "feature_stds": {
    "Glucose_mg_dL": 0.0,
    "HbA1c": 0.2324650892248645,
    "Age": 24.05219337364805,
    "BMI": 7.214599023414608,
    "HOMA_IR": 8.882301105728418e-16,
    "Waist_Circumference": 19.49873857201273,
    "BP_Systolic": 15.525185563440244,
    "Insulin_ml": 1.7764602211456836e-15,
    "Age_First_Period": 36.87789951261928,
    "Gender": 0.48173246509360945,
    "Diabetes_SelfReport": 0.27477633134948276,
    "Regular_Periods": 0.34185804321115226
  }
}